,kde200,bower
X: 2016-07-01 00:00:00~2016-08-29 23:59:59 -> Y: 2016-08-30 00:00:00~2016-08-31 23:59:59,"[0.69999999999999996, 0.58360689906727115, 3.5000364754311915]","[0.69999999999999996, 0.58360689906727115, 3.5000364754311915]"
X: 2016-07-02 00:00:00~2016-08-30 23:59:59 -> Y: 2016-08-31 00:00:00~2016-09-01 23:59:59,"[0.55813953488372092, 0.50023448491480382, 2.7907267578188901]","[0.51162790697674421, 0.45854827783857016, 2.5581661946673164]"
X: 2016-07-03 00:00:00~2016-08-31 23:59:59 -> Y: 2016-09-01 00:00:00~2016-09-02 23:59:59,"[0.61702127659574468, 0.60445000260538795, 3.0851385345746065]","[0.5957446808510638, 0.58455114822546972, 2.9835739350597432]"
X: 2016-07-04 00:00:00~2016-09-01 23:59:59 -> Y: 2016-09-02 00:00:00~2016-09-03 23:59:59,"[0.77142857142857146, 0.56276379552915434, 3.8571830545568235]","[0.7142857142857143, 0.52107758845292063, 3.5714657912563181]"
X: 2016-07-05 00:00:00~2016-09-02 23:59:59 -> Y: 2016-09-03 00:00:00~2016-09-04 23:59:59,"[0.72972972972972971, 0.56276379552915434, 3.6486866732294274]","[0.78378378378378377, 0.60445000260538795, 3.9189597601353112]"
X: 2016-07-06 00:00:00~2016-09-03 23:59:59 -> Y: 2016-09-04 00:00:00~2016-09-05 23:59:59,"[0.6875, 0.45854827783857016, 3.4375358240842062]","[0.71875, 0.47939138137668702, 3.5937874524516702]"
X: 2016-07-07 00:00:00~2016-09-04 23:59:59 -> Y: 2016-09-05 00:00:00~2016-09-06 23:59:59,"[0.57692307692307687, 0.31264655307175238, 2.8846454467839489]","[0.69230769230769229, 0.3751758636861029, 3.4615745361407391]"
X: 2016-07-08 00:00:00~2016-09-05 23:59:59 -> Y: 2016-09-06 00:00:00~2016-09-07 23:59:59,"[0.5625, 0.3751758636861029, 2.8125293106143503]","[0.75, 0.50023448491480382, 3.7500390808191337]"
X: 2016-07-09 00:00:00~2016-09-06 23:59:59 -> Y: 2016-09-07 00:00:00~2016-09-08 23:59:59,"[0.57894736842105265, 0.45854827783857016, 2.894767009755121]","[0.65789473684210531, 0.52107758845292063, 3.2895079656308193]"
X: 2016-07-10 00:00:00~2016-09-07 23:59:59 -> Y: 2016-09-08 00:00:00~2016-09-09 23:59:59,"[0.47727272727272729, 0.43770517430045336, 2.3863885059758125]","[0.56818181818181823, 0.52107758845292063, 2.8409386975902531]"
X: 2016-07-11 00:00:00~2016-09-08 23:59:59 -> Y: 2016-09-09 00:00:00~2016-09-10 23:59:59,"[0.55102040816326525, 0.56276379552915434, 2.7551307532548734]","[0.59183673469387754, 0.60445000260538795, 2.9592145127552349]"
X: 2016-07-12 00:00:00~2016-09-09 23:59:59 -> Y: 2016-09-10 00:00:00~2016-09-11 23:59:59,"[0.59090909090909094, 0.54192069199103743, 2.9545762454938633]","[0.65909090909090906, 0.60445000260538795, 3.2954888892046932]"
X: 2016-07-13 00:00:00~2016-09-10 23:59:59 -> Y: 2016-09-11 00:00:00~2016-09-12 23:59:59,"[0.58490566037735847, 0.64613620968162155, 2.9245587800098907]","[0.660377358490566, 0.72950862383408888, 3.3019212032369731]"
X: 2016-07-14 00:00:00~2016-09-11 23:59:59 -> Y: 2016-09-12 00:00:00~2016-09-13 23:59:59,"[0.61818181818181817, 0.70866552029597207, 3.0909413029781954]","[0.70909090909090911, 0.8128810379865562, 3.5454914945926359]"
X: 2016-07-15 00:00:00~2016-09-12 23:59:59 -> Y: 2016-09-13 00:00:00~2016-09-14 23:59:59,"[0.5, 0.3960189672242197, 2.5000260538794228]","[0.5, 0.3960189672242197, 2.5000260538794228]"
X: 2016-07-16 00:00:00~2016-09-13 23:59:59 -> Y: 2016-09-14 00:00:00~2016-09-15 23:59:59,"[0.56756756756756754, 0.43770517430045336, 2.8378674125117769]","[0.51351351351351349, 0.3960189672242197, 2.5675943256058935]"
X: 2016-07-17 00:00:00~2016-09-14 23:59:59 -> Y: 2016-09-15 00:00:00~2016-09-16 23:59:59,"[0.52000000000000002, 0.54192069199103743, 2.6000270960345997]","[0.5, 0.5214308061320263, 2.5017207216602357]"
X: 2016-07-18 00:00:00~2016-09-15 23:59:59 -> Y: 2016-09-16 00:00:00~2016-09-17 23:59:59,"[0.45833333333333331, 0.45854827783857016, 2.2916905493894708]","[0.45833333333333331, 0.45859607066548547, 2.2919294039988185]"
X: 2016-07-19 00:00:00~2016-09-16 23:59:59 -> Y: 2016-09-17 00:00:00~2016-09-18 23:59:59,"[0.58333333333333337, 0.43770517430045336, 2.9166970628593267]","[0.52777777777777779, 0.3960189672242197, 2.6389163902060573]"
X: 2016-07-20 00:00:00~2016-09-17 23:59:59 -> Y: 2016-09-18 00:00:00~2016-09-19 23:59:59,"[0.67567567567567566, 0.52107758845292063, 3.378413586323544]","[0.6216216216216216, 0.47939138137668702, 3.1081404994176602]"
X: 2016-07-21 00:00:00~2016-09-18 23:59:59 -> Y: 2016-09-19 00:00:00~2016-09-20 23:59:59,"[0.73333333333333328, 0.68782241675785527, 3.6667048790231531]","[0.68888888888888888, 0.64620355411954766, 3.4448393466164062]"
X: 2016-07-22 00:00:00~2016-09-19 23:59:59 -> Y: 2016-09-20 00:00:00~2016-09-21 23:59:59,"[0.65957446808510634, 0.64613620968162155, 3.2979067093728549]","[0.51063829787234039, 0.50023448491480382, 2.5532180975789847]"
X: 2016-07-23 00:00:00~2016-09-20 23:59:59 -> Y: 2016-09-21 00:00:00~2016-09-22 23:59:59,"[0.54545454545454541, 0.62529310614350475, 2.7273011496866428]","[0.47272727272727272, 0.54192069199103743, 2.3636609963950903]"
X: 2016-07-24 00:00:00~2016-09-21 23:59:59 -> Y: 2016-09-22 00:00:00~2016-09-23 23:59:59,"[0.66666666666666663, 0.833724141524673, 3.3333680718392298]","[0.65000000000000002, 0.81322003857582237, 3.2513892508992339]"
X: 2016-07-25 00:00:00~2016-09-22 23:59:59 -> Y: 2016-09-23 00:00:00~2016-09-24 23:59:59,"[0.6875, 0.68782241675785527, 3.4375358240842062]","[0.6875, 0.68782241675785527, 3.4375358240842062]"
X: 2016-07-26 00:00:00~2016-09-23 23:59:59 -> Y: 2016-09-24 00:00:00~2016-09-25 23:59:59,"[0.67391304347826086, 0.64613620968162155, 3.3696003334896565]","[0.63043478260869568, 0.60445000260538795, 3.1522067635870981]"
X: 2016-07-27 00:00:00~2016-09-24 23:59:59 -> Y: 2016-09-25 00:00:00~2016-09-26 23:59:59,"[0.63636363636363635, 0.58360689906727115, 3.1818513413010834]","[0.56818181818181823, 0.52107758845292063, 2.8409386975902531]"
X: 2016-07-28 00:00:00~2016-09-25 23:59:59 -> Y: 2016-09-26 00:00:00~2016-09-27 23:59:59,"[0.57777777777777772, 0.54192069199103743, 2.8889189955939991]","[0.59999999999999998, 0.56276379552915434, 3.0000312646553069]"
X: 2016-07-29 00:00:00~2016-09-26 23:59:59 -> Y: 2016-09-27 00:00:00~2016-09-28 23:59:59,"[0.66666666666666663, 0.62529310614350475, 3.3333680718392298]","[0.71111111111111114, 0.66732704238569418, 3.5574463155089817]"
X: 2016-07-30 00:00:00~2016-09-27 23:59:59 -> Y: 2016-09-28 00:00:00~2016-09-29 23:59:59,"[0.69387755102040816, 0.70866552029597207, 3.4694239115061376]","[0.67346938775510201, 0.68782241675785527, 3.3673820317559566]"
X: 2016-07-31 00:00:00~2016-09-28 23:59:59 -> Y: 2016-09-29 00:00:00~2016-09-30 23:59:59,"[0.71999999999999997, 0.75035172737220579, 3.6000375175863684]","[0.69999999999999996, 0.72950862383408888, 3.5000364754311915]"
X: 2016-08-01 00:00:00~2016-09-29 23:59:59 -> Y: 2016-09-30 00:00:00~2016-10-01 23:59:59,"[0.61363636363636365, 0.56276379552915434, 3.0682137933974731]","[0.70454545454545459, 0.64613620968162155, 3.5227639850119137]"
X: 2016-08-02 00:00:00~2016-09-30 23:59:59 -> Y: 2016-10-01 00:00:00~2016-10-02 23:59:59,"[0.55555555555555558, 0.4168620707623365, 2.7778067265326918]","[0.55555555555555558, 0.4168620707623365, 2.7778067265326918]"
X: 2016-08-03 00:00:00~2016-10-01 23:59:59 -> Y: 2016-10-02 00:00:00~2016-10-03 23:59:59,"[0.52000000000000002, 0.27096034599551871, 2.6000270960345997]","[0.56000000000000005, 0.29180344953363557, 2.8000291803449535]"
X: 2016-08-04 00:00:00~2016-10-02 23:59:59 -> Y: 2016-10-03 00:00:00~2016-10-04 23:59:59,"[0.48888888888888887, 0.45854827783857016, 2.4444699193487689]","[0.55555555555555558, 0.5214308061320263, 2.7796896907335955]"
X: 2016-08-05 00:00:00~2016-10-03 23:59:59 -> Y: 2016-10-04 00:00:00~2016-10-05 23:59:59,"[0.5535714285714286, 0.64613620968162155, 2.7678859882236466]","[0.5357142857142857, 0.62529310614350475, 2.6785993434422384]"
X: 2016-08-06 00:00:00~2016-10-04 23:59:59 -> Y: 2016-10-05 00:00:00~2016-10-06 23:59:59,"[0.66666666666666663, 0.58360689906727115, 3.3333680718392298]","[0.59523809523809523, 0.52107758845292063, 2.9762214927135981]"
X: 2016-08-07 00:00:00~2016-10-05 23:59:59 -> Y: 2016-10-06 00:00:00~2016-10-07 23:59:59,"[0.61904761904761907, 0.54192069199103743, 3.0952703524221423]","[0.6428571428571429, 0.56276379552915434, 3.2143192121306865]"
X: 2016-08-08 00:00:00~2016-10-06 23:59:59 -> Y: 2016-10-07 00:00:00~2016-10-08 23:59:59,"[0.60869565217391308, 0.58360689906727115, 3.0435099786358188]","[0.69565217391304346, 0.66697931321973847, 3.4782971184409357]"
X: 2016-08-09 00:00:00~2016-10-07 23:59:59 -> Y: 2016-10-08 00:00:00~2016-10-09 23:59:59,"[0.66666666666666663, 0.54192069199103743, 3.3333680718392298]","[0.79487179487179482, 0.64620355411954766, 3.9748146307112378]"
X: 2016-08-10 00:00:00~2016-10-08 23:59:59 -> Y: 2016-10-09 00:00:00~2016-10-10 23:59:59,"[0.60465116279069764, 0.54192069199103743, 3.0232873209704643]","[0.65116279069767447, 0.58360689906727115, 3.2558478841220388]"
X: 2016-08-11 00:00:00~2016-10-09 23:59:59 -> Y: 2016-10-10 00:00:00~2016-10-11 23:59:59,"[0.51851851851851849, 0.58360689906727115, 2.592619611430512]","[0.53703703703703709, 0.60445000260538795, 2.6852131689816021]"
X: 2016-08-12 00:00:00~2016-10-10 23:59:59 -> Y: 2016-10-11 00:00:00~2016-10-12 23:59:59,"[0.63461538461538458, 0.68782241675785527, 3.173109991462344]","[0.65384615384615385, 0.70866552029597207, 3.2692648396884758]"
X: 2016-08-13 00:00:00~2016-10-11 23:59:59 -> Y: 2016-10-12 00:00:00~2016-10-13 23:59:59,"[0.74509803921568629, 0.7920379344484394, 3.7255290214673749]","[0.70588235294117652, 0.75035172737220579, 3.5294485466533025]"
X: 2016-08-14 00:00:00~2016-10-12 23:59:59 -> Y: 2016-10-13 00:00:00~2016-10-14 23:59:59,"[0.70175438596491224, 0.833724141524673, 3.5088084966728736]","[0.66666666666666663, 0.7920379344484394, 3.3333680718392298]"
X: 2016-08-15 00:00:00~2016-10-13 23:59:59 -> Y: 2016-10-14 00:00:00~2016-10-15 23:59:59,"[0.5625, 0.56276379552915434, 2.8125293106143503]","[0.58333333333333337, 0.58360689906727115, 2.9166970628593267]"
X: 2016-08-16 00:00:00~2016-10-14 23:59:59 -> Y: 2016-10-15 00:00:00~2016-10-16 23:59:59,"[0.54285714285714282, 0.3960189672242197, 2.7143140013548015]","[0.5714285714285714, 0.41930918811258455, 2.8739451753236542]"
X: 2016-08-17 00:00:00~2016-10-15 23:59:59 -> Y: 2016-10-16 00:00:00~2016-10-17 23:59:59,"[0.69387755102040816, 0.70866552029597207, 3.4694239115061376]","[0.67346938775510201, 0.68782241675785527, 3.3673820317559566]"
X: 2016-08-18 00:00:00~2016-10-16 23:59:59 -> Y: 2016-10-17 00:00:00~2016-10-18 23:59:59,"[0.75555555555555554, 0.70866552029597207, 3.7778171480844609]","[0.73333333333333328, 0.69138906348208673, 3.6857182764159506]"
X: 2016-08-19 00:00:00~2016-10-17 23:59:59 -> Y: 2016-10-18 00:00:00~2016-10-19 23:59:59,"[0.74358974358974361, 0.60445000260538795, 3.7179874647437567]","[0.76923076923076927, 0.62529310614350475, 3.8461939290452656]"
X: 2016-08-20 00:00:00~2016-10-18 23:59:59 -> Y: 2016-10-19 00:00:00~2016-10-20 23:59:59,"[0.6785714285714286, 0.7920379344484394, 3.3928925016935021]","[0.5892857142857143, 0.68782241675785527, 2.9464592777864627]"
X: 2016-08-21 00:00:00~2016-10-19 23:59:59 -> Y: 2016-10-20 00:00:00~2016-10-21 23:59:59,"[0.660377358490566, 0.72950862383408888, 3.3019212032369731]","[0.58490566037735847, 0.64637197664720603, 2.9256259146773256]"
X: 2016-08-22 00:00:00~2016-10-20 23:59:59 -> Y: 2016-10-21 00:00:00~2016-10-22 23:59:59,"[0.59523809523809523, 0.52107758845292063, 2.9762214927135981]","[0.61904761904761907, 0.54192069199103743, 3.0952703524221423]"
X: 2016-08-23 00:00:00~2016-10-21 23:59:59 -> Y: 2016-10-22 00:00:00~2016-10-23 23:59:59,"[0.51515151515151514, 0.35433276014798604, 2.575784419148496]","[0.5757575757575758, 0.3960189672242197, 2.8788178802247897]"
X: 2016-08-24 00:00:00~2016-10-22 23:59:59 -> Y: 2016-10-23 00:00:00~2016-10-24 23:59:59,"[0.67500000000000004, 0.56276379552915434, 3.3750351727372205]","[0.67500000000000004, 0.56276379552915434, 3.3750351727372205]"
X: 2016-08-25 00:00:00~2016-10-23 23:59:59 -> Y: 2016-10-24 00:00:00~2016-10-25 23:59:59,"[0.5901639344262295, 0.75035172737220579, 2.9508504242511218]","[0.63934426229508201, 0.81305050294470216, 3.1974210680558133]"
X: 2016-08-26 00:00:00~2016-10-24 23:59:59 -> Y: 2016-10-25 00:00:00~2016-10-26 23:59:59,"[0.57407407407407407, 0.64613620968162155, 2.8704002840837815]","[0.61111111111111116, 0.68782241675785527, 3.0555873991859612]"
X: 2016-08-27 00:00:00~2016-10-25 23:59:59 -> Y: 2016-10-26 00:00:00~2016-10-27 23:59:59,"[0.67346938775510201, 0.68782241675785527, 3.3673820317559566]","[0.67346938775510201, 0.68782241675785527, 3.3673820317559566]"
X: 2016-08-28 00:00:00~2016-10-26 23:59:59 -> Y: 2016-10-27 00:00:00~2016-10-28 23:59:59,"[0.67924528301886788, 0.75035172737220579, 3.3962618090437435]","[0.69811320754716977, 0.77139580944438657, 3.491512089200262]"
X: 2016-08-29 00:00:00~2016-10-27 23:59:59 -> Y: 2016-10-28 00:00:00~2016-10-29 23:59:59,"[0.63414634146341464, 0.54192069199103743, 3.1707647512617068]","[0.58536585365853655, 0.50023448491480382, 2.9268597703954216]"
X: 2016-08-30 00:00:00~2016-10-28 23:59:59 -> Y: 2016-10-29 00:00:00~2016-10-30 23:59:59,"[0.6216216216216216, 0.47939138137668702, 3.1081404994176602]","[0.48648648648648651, 0.3751758636861029, 2.4324577821529521]"
X: 2016-08-31 00:00:00~2016-10-29 23:59:59 -> Y: 2016-10-30 00:00:00~2016-10-31 23:59:59,"[0.59090909090909094, 0.54192069199103743, 2.9545762454938633]","[0.54545454545454541, 0.50023448491480382, 2.7273011496866428]"
X: 2016-09-01 00:00:00~2016-10-30 23:59:59 -> Y: 2016-10-31 00:00:00~2016-11-01 23:59:59,"[0.64583333333333337, 0.64613620968162155, 3.2292003195942542]","[0.60416666666666663, 0.60445000260538795, 3.0208648151043023]"
X: 2016-09-02 00:00:00~2016-10-31 23:59:59 -> Y: 2016-11-01 00:00:00~2016-11-02 23:59:59,"[0.67307692307692313, 0.72950862383408888, 3.3654196879146077]","[0.61538461538461542, 0.66697931321973847, 3.0769551432362126]"
X: 2016-09-03 00:00:00~2016-11-01 23:59:59 -> Y: 2016-11-02 00:00:00~2016-11-03 23:59:59,"[0.65116279069767447, 0.58360689906727115, 3.2558478841220388]","[0.62790697674418605, 0.56276379552915434, 3.1395676025462516]"
X: 2016-09-04 00:00:00~2016-11-02 23:59:59 -> Y: 2016-11-03 00:00:00~2016-11-04 23:59:59,"[0.51063829787234039, 0.50023448491480382, 2.5532180975789847]","[0.53191489361702127, 0.52110474205315271, 2.6597407781091662]"
X: 2016-09-05 00:00:00~2016-11-03 23:59:59 -> Y: 2016-11-04 00:00:00~2016-11-05 23:59:59,"[0.52941176470588236, 0.56276379552915434, 2.6470864099899769]","[0.52941176470588236, 0.56288111742325531, 2.6476382599738182]"
X: 2016-09-06 00:00:00~2016-11-04 23:59:59 -> Y: 2016-11-05 00:00:00~2016-11-06 23:59:59,"[0.61904761904761907, 0.54192069199103743, 3.0952703524221423]","[0.6428571428571429, 0.56276379552915434, 3.2143192121306865]"
X: 2016-09-07 00:00:00~2016-11-05 23:59:59 -> Y: 2016-11-06 00:00:00~2016-11-07 23:59:59,"[0.63888888888888884, 0.47939138137668702, 3.1944777355125953]","[0.63888888888888884, 0.47976637463496041, 3.1969765447550178]"
X: 2016-09-08 00:00:00~2016-11-06 23:59:59 -> Y: 2016-11-07 00:00:00~2016-11-08 23:59:59,"[0.58823529411764708, 0.4168620707623365, 2.9412071222110856]","[0.5, 0.35433276014798604, 2.5000260538794228]"
X: 2016-09-09 00:00:00~2016-11-07 23:59:59 -> Y: 2016-11-08 00:00:00~2016-11-09 23:59:59,"[0.54000000000000004, 0.56276379552915434, 2.7000281381897766]","[0.56000000000000005, 0.5836373110995311, 2.8001750911933301]"
X: 2016-09-10 00:00:00~2016-11-08 23:59:59 -> Y: 2016-11-09 00:00:00~2016-11-10 23:59:59,"[0.62068965517241381, 0.75035172737220579, 3.1034806186089385]","[0.63793103448275867, 0.77119483091032259, 3.1896884135702979]"
X: 2016-09-11 00:00:00~2016-11-09 23:59:59 -> Y: 2016-11-10 00:00:00~2016-11-11 23:59:59,"[0.62745098039215685, 0.66697931321973847, 3.1372875970251579]","[0.60784313725490191, 0.64613620968162155, 3.0392473596181215]"
X: 2016-09-12 00:00:00~2016-11-10 23:59:59 -> Y: 2016-11-11 00:00:00~2016-11-12 23:59:59,"[0.65000000000000002, 0.54192069199103743, 3.2500338700432496]","[0.69999999999999996, 0.58360689906727115, 3.5000364754311915]"
X: 2016-09-13 00:00:00~2016-11-11 23:59:59 -> Y: 2016-11-12 00:00:00~2016-11-13 23:59:59,"[0.63636363636363635, 0.43770517430045336, 3.1818513413010834]","[0.78787878787878785, 0.54192069199103743, 3.9394349939918172]"
X: 2016-09-14 00:00:00~2016-11-12 23:59:59 -> Y: 2016-11-13 00:00:00~2016-11-14 23:59:59,"[0.61764705882352944, 0.43770517430045336, 3.0882674783216397]","[0.76470588235294112, 0.54192069199103743, 3.8235692588744108]"
X: 2016-09-15 00:00:00~2016-11-13 23:59:59 -> Y: 2016-11-14 00:00:00~2016-11-15 23:59:59,"[0.68421052631578949, 0.54192069199103743, 3.4210882842560522]","[0.68421052631578949, 0.54192069199103743, 3.4210882842560522]"
X: 2016-09-16 00:00:00~2016-11-14 23:59:59 -> Y: 2016-11-15 00:00:00~2016-11-16 23:59:59,"[0.76923076923076927, 0.62529310614350475, 3.8461939290452656]","[0.79487179487179482, 0.64613620968162155, 3.974400393346774]"
X: 2016-09-17 00:00:00~2016-11-15 23:59:59 -> Y: 2016-11-16 00:00:00~2016-11-17 23:59:59,"[0.660377358490566, 0.72950862383408888, 3.3019212032369731]","[0.660377358490566, 0.72950862383408888, 3.3019212032369731]"
X: 2016-09-18 00:00:00~2016-11-16 23:59:59 -> Y: 2016-11-17 00:00:00~2016-11-18 23:59:59,"[0.52173913043478259, 0.75035172737220579, 2.608722838830702]","[0.50724637681159424, 0.72950862383408888, 2.536258315529849]"
X: 2016-09-19 00:00:00~2016-11-17 23:59:59 -> Y: 2016-11-18 00:00:00~2016-11-19 23:59:59,"[0.46938775510204084, 0.47939138137668702, 2.3469632342541518]","[0.51020408163265307, 0.52107758845292063, 2.5510469937545128]"
X: 2016-09-20 00:00:00~2016-11-18 23:59:59 -> Y: 2016-11-19 00:00:00~2016-11-20 23:59:59,"[0.52000000000000002, 0.27096034599551871, 2.6000270960345997]","[0.47999999999999998, 0.25011724245740191, 2.4000250117242454]"
X: 2016-09-21 00:00:00~2016-11-19 23:59:59 -> Y: 2016-11-20 00:00:00~2016-11-21 23:59:59,"[0.4642857142857143, 0.27096034599551871, 2.3214527643166067]","[0.4642857142857143, 0.27096034599551871, 2.3214527643166067]"
X: 2016-09-22 00:00:00~2016-11-20 23:59:59 -> Y: 2016-11-21 00:00:00~2016-11-22 23:59:59,"[0.47222222222222221, 0.35433276014798604, 2.3611357175527878]","[0.52777777777777779, 0.39603960396039611, 2.6390539053905391]"
X: 2016-09-23 00:00:00~2016-11-21 23:59:59 -> Y: 2016-11-22 00:00:00~2016-11-23 23:59:59,"[0.69811320754716977, 0.77119483091032259, 3.4906024148505144]","[0.60377358490566035, 0.66711836139052483, 3.0195287493202452]"
X: 2016-09-24 00:00:00~2016-11-22 23:59:59 -> Y: 2016-11-23 00:00:00~2016-11-24 23:59:59,"[0.82978723404255317, 0.8128810379865562, 4.1489794085658502]","[0.74468085106382975, 0.72950862383408888, 3.7234430589693526]"
X: 2016-09-25 00:00:00~2016-11-23 23:59:59 -> Y: 2016-11-24 00:00:00~2016-11-25 23:59:59,"[0.7142857142857143, 0.52107758845292063, 3.5714657912563181]","[0.77142857142857146, 0.56276379552915434, 3.8571830545568235]"
X: 2016-09-26 00:00:00~2016-11-24 23:59:59 -> Y: 2016-11-25 00:00:00~2016-11-26 23:59:59,"[0.58974358974358976, 0.47939138137668702, 2.9487486789347037]","[0.66666666666666663, 0.54192069199103743, 3.3333680718392298]"
X: 2016-09-27 00:00:00~2016-11-25 23:59:59 -> Y: 2016-11-26 00:00:00~2016-11-27 23:59:59,"[0.69999999999999996, 0.58360689906727115, 3.5000364754311915]","[0.80000000000000004, 0.66697931321973847, 4.0000416862070765]"
X: 2016-09-28 00:00:00~2016-11-26 23:59:59 -> Y: 2016-11-27 00:00:00~2016-11-28 23:59:59,"[0.60416666666666663, 0.60445000260538795, 3.0208648151043023]","[0.66666666666666663, 0.66704883005888793, 3.3337154967255542]"
X: 2016-09-29 00:00:00~2016-11-27 23:59:59 -> Y: 2016-11-28 00:00:00~2016-11-29 23:59:59,"[0.57777777777777772, 0.54192069199103743, 2.8889189955939991]","[0.57777777777777772, 0.54192069199103743, 2.8889189955939991]"
X: 2016-09-30 00:00:00~2016-11-28 23:59:59 -> Y: 2016-11-29 00:00:00~2016-11-30 23:59:59,"[0.64102564102564108, 0.52107758845292063, 3.2051616075377214]","[0.66666666666666663, 0.54192069199103743, 3.3333680718392298]"
X: 2016-10-01 00:00:00~2016-11-29 23:59:59 -> Y: 2016-11-30 00:00:00~2016-12-01 23:59:59,"[0.5957446808510638, 0.58360689906727115, 2.9787544471754823]","[0.5957446808510638, 0.5836373110995311, 2.978909671482266]"
X: 2016-10-02 00:00:00~2016-11-30 23:59:59 -> Y: 2016-12-01 00:00:00~2016-12-02 23:59:59,"[0.58139534883720934, 0.52107758845292063, 2.9070070393946774]","[0.55813953488372092, 0.50044310066204456, 2.7918905911120433]"
X: 2016-10-03 00:00:00~2016-12-01 23:59:59 -> Y: 2016-12-02 00:00:00~2016-12-03 23:59:59,"[0.66666666666666663, 0.50023448491480382, 3.3333680718392298]","[0.75, 0.56276379552915434, 3.7500390808191337]"
X: 2016-10-04 00:00:00~2016-12-02 23:59:59 -> Y: 2016-12-03 00:00:00~2016-12-04 23:59:59,"[0.78378378378378377, 0.60445000260538795, 3.9189597601353112]","[0.83783783783783783, 0.64613620968162155, 4.189232847041195]"
X: 2016-10-05 00:00:00~2016-12-03 23:59:59 -> Y: 2016-12-04 00:00:00~2016-12-05 23:59:59,"[0.72499999999999998, 0.60445000260538795, 3.6250377781251628]","[0.80000000000000004, 0.66701406982803546, 4.0002501302761857]"
X: 2016-10-06 00:00:00~2016-12-04 23:59:59 -> Y: 2016-12-05 00:00:00~2016-12-06 23:59:59,"[0.51162790697674421, 0.45854827783857016, 2.5581661946673164]","[0.62790697674418605, 0.56276379552915434, 3.1395676025462516]"
X: 2016-10-07 00:00:00~2016-12-05 23:59:59 -> Y: 2016-12-06 00:00:00~2016-12-07 23:59:59,"[0.51111111111111107, 0.47939138137668702, 2.5555821884100762]","[0.57777777777777772, 0.54192069199103743, 2.8889189955939991]"
X: 2016-10-08 00:00:00~2016-12-06 23:59:59 -> Y: 2016-12-07 00:00:00~2016-12-08 23:59:59,"[0.6785714285714286, 0.7920379344484394, 3.3928925016935021]","[0.7142857142857143, 0.833724141524673, 3.5714657912563181]"
X: 2016-10-09 00:00:00~2016-12-07 23:59:59 -> Y: 2016-12-08 00:00:00~2016-12-09 23:59:59,"[0.62264150943396224, 0.68782241675785527, 3.1132399916234319]","[0.75471698113207553, 0.833724141524673, 3.7736242322708269]"
X: 2016-10-10 00:00:00~2016-12-08 23:59:59 -> Y: 2016-12-09 00:00:00~2016-12-10 23:59:59,"[0.66666666666666663, 0.58360689906727115, 3.3333680718392298]","[0.6428571428571429, 0.56276379552915434, 3.2143192121306865]"
X: 2016-10-11 00:00:00~2016-12-09 23:59:59 -> Y: 2016-12-10 00:00:00~2016-12-11 23:59:59,"[0.70270270270270274, 0.54192069199103743, 3.513550129776486]","[0.70270270270270274, 0.54192069199103743, 3.513550129776486]"
X: 2016-10-12 00:00:00~2016-12-10 23:59:59 -> Y: 2016-12-11 00:00:00~2016-12-12 23:59:59,"[0.59090909090909094, 0.54192069199103743, 2.9545762454938633]","[0.61363636363636365, 0.56276379552915434, 3.0682137933974731]"
X: 2016-10-13 00:00:00~2016-12-11 23:59:59 -> Y: 2016-12-12 00:00:00~2016-12-13 23:59:59,"[0.5, 0.47939138137668702, 2.5000260538794228]","[0.52173913043478259, 0.50023448491480382, 2.608722838830702]"
X: 2016-10-14 00:00:00~2016-12-12 23:59:59 -> Y: 2016-12-13 00:00:00~2016-12-14 23:59:59,"[0.59999999999999998, 0.50023448491480382, 3.0000312646553069]","[0.52500000000000002, 0.43770517430045336, 2.6250273565733937]"
X: 2016-10-15 00:00:00~2016-12-13 23:59:59 -> Y: 2016-12-14 00:00:00~2016-12-15 23:59:59,"[0.53658536585365857, 0.45854827783857016, 2.6829547895291368]","[0.53658536585365857, 0.45854827783857016, 2.6829547895291368]"
X: 2016-10-16 00:00:00~2016-12-14 23:59:59 -> Y: 2016-12-15 00:00:00~2016-12-16 23:59:59,"[0.6216216216216216, 0.47939138137668702, 3.1081404994176602]","[0.59459459459459463, 0.45854827783857016, 2.9730039559647188]"
X: 2016-10-17 00:00:00~2016-12-15 23:59:59 -> Y: 2016-12-16 00:00:00~2016-12-17 23:59:59,"[0.78947368421052633, 0.62529310614350475, 3.9474095587569833]","[0.68421052631578949, 0.54192069199103743, 3.4210882842560522]"
X: 2016-10-18 00:00:00~2016-12-16 23:59:59 -> Y: 2016-12-17 00:00:00~2016-12-18 23:59:59,"[0.67441860465116277, 0.60445000260538795, 3.3721281656978257]","[0.65116279069767447, 0.58360689906727115, 3.2558478841220388]"
X: 2016-10-19 00:00:00~2016-12-17 23:59:59 -> Y: 2016-12-18 00:00:00~2016-12-19 23:59:59,"[0.70833333333333337, 0.70866552029597207, 3.5417035763291822]","[0.60416666666666663, 0.60451300224086724, 3.0211796689075334]"
X: 2016-10-20 00:00:00~2016-12-18 23:59:59 -> Y: 2016-12-19 00:00:00~2016-12-20 23:59:59,"[0.6785714285714286, 0.7920379344484394, 3.3928925016935021]","[0.625, 0.72950862383408888, 3.1250325673492783]"
X: 2016-10-21 00:00:00~2016-12-19 23:59:59 -> Y: 2016-12-20 00:00:00~2016-12-21 23:59:59,"[0.63043478260869568, 0.60445000260538795, 3.1522067635870981]","[0.56521739130434778, 0.54192069199103743, 2.82611640873326]"
X: 2016-10-22 00:00:00~2016-12-20 23:59:59 -> Y: 2016-12-21 00:00:00~2016-12-22 23:59:59,"[0.64444444444444449, 0.60445000260538795, 3.2222558027779229]","[0.59999999999999998, 0.56276379552915434, 3.0000312646553069]"
X: 2016-10-23 00:00:00~2016-12-21 23:59:59 -> Y: 2016-12-22 00:00:00~2016-12-23 23:59:59,"[0.64406779661016944, 0.7920379344484394, 3.2203725439802731]","[0.6271186440677966, 0.77119483091032259, 3.1356258980860554]"
X: 2016-10-24 00:00:00~2016-12-22 23:59:59 -> Y: 2016-12-23 00:00:00~2016-12-24 23:59:59,"[0.59999999999999998, 0.56276379552915434, 3.0000312646553069]","[0.62222222222222223, 0.58360689906727115, 3.1111435337166147]"
X: 2016-10-25 00:00:00~2016-12-23 23:59:59 -> Y: 2016-12-24 00:00:00~2016-12-25 23:59:59,"[0.7142857142857143, 0.4168620707623365, 3.5714657912563181]","[0.7142857142857143, 0.4168620707623365, 3.5714657912563181]"
X: 2016-10-26 00:00:00~2016-12-24 23:59:59 -> Y: 2016-12-25 00:00:00~2016-12-26 23:59:59,"[0.6470588235294118, 0.45854827783857016, 3.2353278344321943]","[0.67647058823529416, 0.47939138137668702, 3.3823881905427484]"
X: 2016-10-27 00:00:00~2016-12-25 23:59:59 -> Y: 2016-12-26 00:00:00~2016-12-27 23:59:59,"[0.54545454545454541, 0.3751758636861029, 2.7273011496866428]","[0.63636363636363635, 0.43777360850531583, 3.1823488164951579]"
X: 2016-10-28 00:00:00~2016-12-26 23:59:59 -> Y: 2016-12-27 00:00:00~2016-12-28 23:59:59,"[0.48571428571428571, 0.35433276014798604, 2.4285967380542961]","[0.5714285714285714, 0.4168620707623365, 2.8571726330050544]"
X: 2016-10-29 00:00:00~2016-12-27 23:59:59 -> Y: 2016-12-28 00:00:00~2016-12-29 23:59:59,"[0.56818181818181823, 0.52107758845292063, 2.8409386975902531]","[0.65909090909090906, 0.60445000260538795, 3.2954888892046932]"
X: 2016-10-30 00:00:00~2016-12-28 23:59:59 -> Y: 2016-12-29 00:00:00~2016-12-30 23:59:59,"[0.65909090909090906, 0.60445000260538795, 3.2954888892046932]","[0.72727272727272729, 0.66697931321973847, 3.6364015329155239]"
X: 2016-10-31 00:00:00~2016-12-29 23:59:59 -> Y: 2016-12-30 00:00:00~2016-12-31 23:59:59,"[0.67500000000000004, 0.56276379552915434, 3.3750351727372205]","[0.75, 0.62535827818020751, 3.7504299338162488]"
X: 2016-11-01 00:00:00~2016-12-30 23:59:59 -> Y: 2016-12-31 00:00:00~2017-01-01 23:59:59,"[0.63888888888888884, 0.47939138137668702, 3.1944777355125953]","[0.72222222222222221, 0.5419489317352788, 3.6113369231660011]"
X: 2016-11-02 00:00:00~2016-12-31 23:59:59 -> Y: 2017-01-01 00:00:00~2017-01-02 23:59:59,"[0.60465116279069764, 0.54192069199103743, 3.0232873209704643]","[0.67441860465116277, 0.60445000260538795, 3.3721281656978257]"
X: 2016-11-03 00:00:00~2017-01-01 23:59:59 -> Y: 2017-01-02 00:00:00~2017-01-03 23:59:59,"[0.62745098039215685, 0.66697931321973847, 3.1372875970251579]","[0.6470588235294118, 0.68782241675785527, 3.2353278344321943]"
X: 2016-11-04 00:00:00~2017-01-02 23:59:59 -> Y: 2017-01-03 00:00:00~2017-01-04 23:59:59,"[0.64814814814814814, 0.72950862383408888, 3.2407745142881406]","[0.72222222222222221, 0.8129657616342697, 3.6115251214526838]"
X: 2016-11-05 00:00:00~2017-01-03 23:59:59 -> Y: 2017-01-04 00:00:00~2017-01-05 23:59:59,"[0.59259259259259256, 0.66697931321973847, 2.9629938416348711]","[0.62962962962962965, 0.70866552029597207, 3.1481809567370509]"
X: 2016-11-06 00:00:00~2017-01-04 23:59:59 -> Y: 2017-01-05 00:00:00~2017-01-06 23:59:59,"[0.55172413793103448, 0.66697931321973847, 2.7586494387635008]","[0.53448275862068961, 0.64613620968162155, 2.672441643802141]"
X: 2016-11-07 00:00:00~2017-01-05 23:59:59 -> Y: 2017-01-06 00:00:00~2017-01-07 23:59:59,"[0.52380952380952384, 0.45854827783857016, 2.6190749135879665]","[0.54761904761904767, 0.47944134660482574, 2.7384091580245631]"
X: 2016-11-08 00:00:00~2017-01-06 23:59:59 -> Y: 2017-01-07 00:00:00~2017-01-08 23:59:59,"[0.5, 0.27096034599551871, 2.5000260538794228]","[0.57692307692307687, 0.31266284523189164, 2.8847957670260951]"
X: 2016-11-09 00:00:00~2017-01-07 23:59:59 -> Y: 2017-01-08 00:00:00~2017-01-09 23:59:59,"[0.65789473684210531, 0.52107758845292063, 3.2895079656308193]","[0.68421052631578949, 0.5420336686298014, 3.4218014938842911]"
X: 2016-11-10 00:00:00~2017-01-08 23:59:59 -> Y: 2017-01-09 00:00:00~2017-01-10 23:59:59,"[0.62745098039215685, 0.66697931321973847, 3.1372875970251579]","[0.60784313725490191, 0.64613620968162155, 3.0392473596181215]"
X: 2016-11-11 00:00:00~2017-01-09 23:59:59 -> Y: 2017-01-10 00:00:00~2017-01-11 23:59:59,"[0.62068965517241381, 0.75035172737220579, 3.1034806186089385]","[0.62068965517241381, 0.75035172737220579, 3.1034806186089385]"
X: 2016-11-12 00:00:00~2017-01-10 23:59:59 -> Y: 2017-01-11 00:00:00~2017-01-12 23:59:59,"[0.61702127659574468, 0.60445000260538795, 3.0851385345746065]","[0.57446808510638303, 0.56276379552915434, 2.8723703597763581]"
X: 2016-11-13 00:00:00~2017-01-11 23:59:59 -> Y: 2017-01-12 00:00:00~2017-01-13 23:59:59,"[0.63829787234042556, 0.62529310614350475, 3.1915226219737312]","[0.68085106382978722, 0.66697931321973847, 3.4042907967719795]"
X: 2016-11-14 00:00:00~2017-01-12 23:59:59 -> Y: 2017-01-13 00:00:00~2017-01-14 23:59:59,"[0.73913043478260865, 0.70866552029597207, 3.6956906883434941]","[0.76086956521739135, 0.72950862383408888, 3.8043874732947738]"
X: 2016-11-15 00:00:00~2017-01-13 23:59:59 -> Y: 2017-01-14 00:00:00~2017-01-15 23:59:59,"[0.73684210526315785, 0.58360689906727115, 3.6842489215065175]","[0.76315789473684215, 0.60445000260538795, 3.8158292401317504]"
X: 2016-11-16 00:00:00~2017-01-14 23:59:59 -> Y: 2017-01-15 00:00:00~2017-01-16 23:59:59,"[0.67441860465116277, 0.60445000260538795, 3.3721281656978257]","[0.7441860465116279, 0.66697931321973847, 3.7209690104251871]"
X: 2016-11-17 00:00:00~2017-01-15 23:59:59 -> Y: 2017-01-16 00:00:00~2017-01-17 23:59:59,"[0.5957446808510638, 0.58360689906727115, 2.9787544471754823]","[0.72340425531914898, 0.70870244919228775, 3.6172474582284662]"
X: 2016-11-18 00:00:00~2017-01-16 23:59:59 -> Y: 2017-01-17 00:00:00~2017-01-18 23:59:59,"[0.62, 0.64613620968162155, 3.1000323068104838]","[0.73999999999999999, 0.77119483091032259, 3.7000385597415453]"
X: 2016-11-19 00:00:00~2017-01-17 23:59:59 -> Y: 2017-01-18 00:00:00~2017-01-19 23:59:59,"[0.6428571428571429, 0.56276379552915434, 3.2143192121306865]","[0.76190476190476186, 0.66697931321973847, 3.8095635106734056]"
X: 2016-11-20 00:00:00~2017-01-18 23:59:59 -> Y: 2017-01-19 00:00:00~2017-01-20 23:59:59,"[0.70454545454545459, 0.64613620968162155, 3.5227639850119137]","[0.70454545454545459, 0.64654048699097977, 3.5249681232787755]"
X: 2016-11-21 00:00:00~2017-01-19 23:59:59 -> Y: 2017-01-20 00:00:00~2017-01-21 23:59:59,"[0.69387755102040816, 0.70866552029597207, 3.4694239115061376]","[0.63265306122448983, 0.64616988014590937, 3.1634631132286164]"
X: 2016-11-22 00:00:00~2017-01-20 23:59:59 -> Y: 2017-01-21 00:00:00~2017-01-22 23:59:59,"[0.72972972972972971, 0.56276379552915434, 3.6486866732294274]","[0.67567567567567566, 0.52107758845292063, 3.378413586323544]"
X: 2016-11-23 00:00:00~2017-01-21 23:59:59 -> Y: 2017-01-22 00:00:00~2017-01-23 23:59:59,"[0.81578947368421051, 0.64613620968162155, 4.0789898773822157]","[0.81578947368421051, 0.64613620968162155, 4.0789898773822157]"
X: 2016-11-24 00:00:00~2017-01-22 23:59:59 -> Y: 2017-01-23 00:00:00~2017-01-24 23:59:59,"[0.77777777777777779, 0.72950862383408888, 3.8889294171457687]","[0.80000000000000004, 0.75035172737220579, 4.0000416862070765]"
X: 2016-11-25 00:00:00~2017-01-23 23:59:59 -> Y: 2017-01-24 00:00:00~2017-01-25 23:59:59,"[0.67307692307692313, 0.72950862383408888, 3.3654196879146077]","[0.69230769230769229, 0.75039082855653993, 3.4617549204313143]"
X: 2016-11-26 00:00:00~2017-01-24 23:59:59 -> Y: 2017-01-25 00:00:00~2017-01-26 23:59:59,"[0.67164179104477617, 0.93793965921525713, 3.3582439529723591]","[0.67164179104477617, 0.93793965921525713, 3.3582439529723591]"
X: 2016-11-27 00:00:00~2017-01-25 23:59:59 -> Y: 2017-01-26 00:00:00~2017-01-27 23:59:59,"[0.71875, 0.95878276275337404, 3.5937874524516702]","[0.703125, 0.93793965921525713, 3.5156616382679382]"
X: 2016-11-28 00:00:00~2017-01-26 23:59:59 -> Y: 2017-01-27 00:00:00~2017-01-28 23:59:59,"[0.69230769230769229, 0.75035172737220579, 3.4615745361407391]","[0.65384615384615385, 0.70866552029597207, 3.2692648396884758]"
X: 2016-11-29 00:00:00~2017-01-27 23:59:59 -> Y: 2017-01-28 00:00:00~2017-01-29 23:59:59,"[0.68292682926829273, 0.58360689906727115, 3.414669732127992]","[0.68292682926829273, 0.58360689906727115, 3.414669732127992]"
X: 2016-11-30 00:00:00~2017-01-28 23:59:59 -> Y: 2017-01-29 00:00:00~2017-01-30 23:59:59,"[0.60869565217391308, 0.58360689906727115, 3.0435099786358188]","[0.65217391304347827, 0.62532569046378328, 3.2610734757686299]"
X: 2016-12-01 00:00:00~2017-01-29 23:59:59 -> Y: 2017-01-30 00:00:00~2017-01-31 23:59:59,"[0.5625, 0.56276379552915434, 2.8125293106143503]","[0.58333333333333337, 0.58360689906727115, 2.9166970628593267]"
X: 2016-12-02 00:00:00~2017-01-30 23:59:59 -> Y: 2017-01-31 00:00:00~2017-02-01 23:59:59,"[0.57499999999999996, 0.47939138137668702, 2.875029961961336]","[0.55000000000000004, 0.4588351843161792, 2.7517493091402057]"
X: 2016-12-03 00:00:00~2017-01-31 23:59:59 -> Y: 2017-02-01 00:00:00~2017-02-02 23:59:59,"[0.62222222222222223, 0.58360689906727115, 3.1111435337166147]","[0.59999999999999998, 0.56547463217969529, 3.0144824336352691]"
X: 2016-12-04 00:00:00~2017-02-01 23:59:59 -> Y: 2017-02-02 00:00:00~2017-02-03 23:59:59,"[0.75, 0.75035172737220579, 3.7500390808191337]","[0.75, 0.75035172737220579, 3.7500390808191337]"
X: 2016-12-05 00:00:00~2017-02-02 23:59:59 -> Y: 2017-02-03 00:00:00~2017-02-04 23:59:59,"[0.66666666666666663, 0.54192069199103743, 3.3333680718392298]","[0.58974358974358976, 0.47939138137668702, 2.9487486789347037]"
X: 2016-12-06 00:00:00~2017-02-03 23:59:59 -> Y: 2017-02-04 00:00:00~2017-02-05 23:59:59,"[0.51851851851851849, 0.29180344953363557, 2.592619611430512]","[0.55555555555555558, 0.31264655307175238, 2.7778067265326918]"
X: 2016-12-07 00:00:00~2017-02-04 23:59:59 -> Y: 2017-02-05 00:00:00~2017-02-06 23:59:59,"[0.68965517241379315, 0.4168620707623365, 3.4483117984543763]","[0.65517241379310343, 0.3960189672242197, 3.2758962085316572]"
X: 2016-12-08 00:00:00~2017-02-05 23:59:59 -> Y: 2017-02-06 00:00:00~2017-02-07 23:59:59,"[0.64102564102564108, 0.52107758845292063, 3.2051616075377214]","[0.61538461538461542, 0.50023448491480382, 3.0769551432362126]"
X: 2016-12-09 00:00:00~2017-02-06 23:59:59 -> Y: 2017-02-07 00:00:00~2017-02-08 23:59:59,"[0.62857142857142856, 0.45854827783857016, 3.1428898963055598]","[0.59999999999999998, 0.43770517430045336, 3.0000312646553069]"
X: 2016-12-10 00:00:00~2017-02-07 23:59:59 -> Y: 2017-02-08 00:00:00~2017-02-09 23:59:59,"[0.69444444444444442, 0.52107758845292063, 3.4722584081658647]","[0.69444444444444442, 0.5213220727765614, 3.4738875566213694]"
X: 2016-12-11 00:00:00~2017-02-08 23:59:59 -> Y: 2017-02-09 00:00:00~2017-02-10 23:59:59,"[0.59523809523809523, 0.52107758845292063, 2.9762214927135981]","[0.59523809523809523, 0.52107758845292063, 2.9762214927135981]"
X: 2016-12-12 00:00:00~2017-02-09 23:59:59 -> Y: 2017-02-10 00:00:00~2017-02-11 23:59:59,"[0.51515151515151514, 0.35433276014798604, 2.575784419148496]","[0.60606060606060608, 0.41697070780777651, 3.0311243362426521]"
X: 2016-12-13 00:00:00~2017-02-10 23:59:59 -> Y: 2017-02-11 00:00:00~2017-02-12 23:59:59,"[0.70370370370370372, 0.3960189672242197, 3.5185551869414096]","[0.66666666666666663, 0.37554767369079911, 3.3366715348772513]"
X: 2016-12-14 00:00:00~2017-02-11 23:59:59 -> Y: 2017-02-12 00:00:00~2017-02-13 23:59:59,"[0.60606060606060608, 0.4168620707623365, 3.0303346107629365]","[0.54545454545454541, 0.3751758636861029, 2.7273011496866428]"
X: 2016-12-15 00:00:00~2017-02-12 23:59:59 -> Y: 2017-02-13 00:00:00~2017-02-14 23:59:59,"[0.45945945945945948, 0.35433276014798604, 2.2973212387000101]","[0.45945945945945948, 0.35433276014798604, 2.2973212387000101]"
X: 2016-12-16 00:00:00~2017-02-13 23:59:59 -> Y: 2017-02-14 00:00:00~2017-02-15 23:59:59,"[0.48717948717948717, 0.3960189672242197, 2.4359228217286679]","[0.4358974358974359, 0.35435122459614388, 2.1796234684197167]"
X: 2016-12-17 00:00:00~2017-02-14 23:59:59 -> Y: 2017-02-15 00:00:00~2017-02-16 23:59:59,"[0.5957446808510638, 0.58360689906727115, 2.9787544471754823]","[0.7021276595744681, 0.68782241675785527, 3.5106748841711042]"
X: 2016-12-18 00:00:00~2017-02-15 23:59:59 -> Y: 2017-02-16 00:00:00~2017-02-17 23:59:59,"[0.57999999999999996, 0.60445000260538795, 2.90003022250013]","[0.80000000000000004, 0.833724141524673, 4.0000416862070765]"
X: 2016-12-19 00:00:00~2017-02-16 23:59:59 -> Y: 2017-02-17 00:00:00~2017-02-18 23:59:59,"[0.6216216216216216, 0.47939138137668702, 3.1081404994176602]","[0.70270270270270274, 0.54192069199103743, 3.513550129776486]"
X: 2016-12-20 00:00:00~2017-02-17 23:59:59 -> Y: 2017-02-18 00:00:00~2017-02-19 23:59:59,"[0.4838709677419355, 0.31264655307175238, 2.4193800521413769]","[0.45161290322580644, 0.29180344953363557, 2.258088048665285]"
X: 2016-12-21 00:00:00~2017-02-18 23:59:59 -> Y: 2017-02-19 00:00:00~2017-02-20 23:59:59,"[0.54838709677419351, 0.35433276014798604, 2.7419640590935601]","[0.5161290322580645, 0.33348965660986923, 2.5806720556174683]"
X: 2016-12-22 00:00:00~2017-02-19 23:59:59 -> Y: 2017-02-20 00:00:00~2017-02-21 23:59:59,"[0.61904761904761907, 0.54192069199103743, 3.0952703524221423]","[0.6428571428571429, 0.56276379552915434, 3.2143192121306865]"
X: 2016-12-23 00:00:00~2017-02-20 23:59:59 -> Y: 2017-02-21 00:00:00~2017-02-22 23:59:59,"[0.59649122807017541, 0.70866552029597207, 2.9824872221719425]","[0.63157894736842102, 0.75035172737220579, 3.1579276470055864]"
X: 2016-12-24 00:00:00~2017-02-21 23:59:59 -> Y: 2017-02-22 00:00:00~2017-02-23 23:59:59,"[0.55555555555555558, 0.52107758845292063, 2.7778067265326918]","[0.62222222222222223, 0.58360689906727115, 3.1111435337166147]"
X: 2016-12-25 00:00:00~2017-02-22 23:59:59 -> Y: 2017-02-23 00:00:00~2017-02-24 23:59:59,"[0.56756756756756754, 0.43770517430045336, 2.8378674125117769]","[0.51351351351351349, 0.39603960396039611, 2.5677281241637679]"
X: 2016-12-26 00:00:00~2017-02-23 23:59:59 -> Y: 2017-02-24 00:00:00~2017-02-25 23:59:59,"[0.65853658536585369, 0.56276379552915434, 3.2927172416948496]","[0.6097560975609756, 0.52140361854111272, 3.0507198549226224]"
X: 2016-12-27 00:00:00~2017-02-24 23:59:59 -> Y: 2017-02-25 00:00:00~2017-02-26 23:59:59,"[0.59375, 0.3960189672242197, 2.9687809389818143]","[0.5625, 0.3751758636861029, 2.8125293106143503]"
X: 2016-12-28 00:00:00~2017-02-25 23:59:59 -> Y: 2017-02-26 00:00:00~2017-02-27 23:59:59,"[0.47826086956521741, 0.22927413891928508, 2.3913292689281436]","[0.43478260869565216, 0.2084418968212611, 2.1740489838457528]"
X: 2016-12-29 00:00:00~2017-02-26 23:59:59 -> Y: 2017-02-27 00:00:00~2017-02-28 23:59:59,"[0.63636363636363635, 0.43770517430045336, 3.1818513413010834]","[0.63636363636363635, 0.43770517430045336, 3.1818513413010834]"
X: 2016-12-30 00:00:00~2017-02-27 23:59:59 -> Y: 2017-02-28 00:00:00~2017-03-01 23:59:59,"[0.59999999999999998, 0.62529310614350475, 3.0000312646553069]","[0.64000000000000001, 0.66697931321973847, 3.2000333489656612]"
X: 2016-12-31 00:00:00~2017-02-28 23:59:59 -> Y: 2017-03-01 00:00:00~2017-03-02 23:59:59,"[0.52173913043478259, 0.50023448491480382, 2.608722838830702]","[0.56521739130434778, 0.54197717442284643, 2.8264109646151439]"
X: 2017-01-01 00:00:00~2017-03-01 23:59:59 -> Y: 2017-03-02 00:00:00~2017-03-03 23:59:59,"[0.5714285714285714, 0.4168620707623365, 2.8571726330050544]","[0.59999999999999998, 0.4377279833246483, 3.0001875977071393]"
X: 2017-01-02 00:00:00~2017-03-02 23:59:59 -> Y: 2017-03-03 00:00:00~2017-03-04 23:59:59,"[0.6785714285714286, 0.3960189672242197, 3.3928925016935021]","[0.6785714285714286, 0.39603960396039611, 3.3930693069306934]"
X: 2017-01-03 00:00:00~2017-03-03 23:59:59 -> Y: 2017-03-04 00:00:00~2017-03-05 23:59:59,"[0.76470588235294112, 0.27096034599551871, 3.8235692588744108]","[0.70588235294117652, 0.250143311272083, 3.5298164082976462]"
X: 2017-01-04 00:00:00~2017-03-04 23:59:59 -> Y: 2017-03-05 00:00:00~2017-03-06 23:59:59,"[0.64000000000000001, 0.33348965660986923, 3.2000333489656612]","[0.64000000000000001, 0.33348965660986923, 3.2000333489656612]"
X: 2017-01-05 00:00:00~2017-03-05 23:59:59 -> Y: 2017-03-06 00:00:00~2017-03-07 23:59:59,"[0.61764705882352944, 0.43770517430045336, 3.0882674783216397]","[0.70588235294117652, 0.5003909304143862, 3.5305523616796211]"
X: 2017-01-06 00:00:00~2017-03-06 23:59:59 -> Y: 2017-03-07 00:00:00~2017-03-08 23:59:59,"[0.55172413793103448, 0.33348965660986923, 2.7586494387635008]","[0.65517241379310343, 0.3960189672242197, 3.2758962085316572]"
X: 2017-01-07 00:00:00~2017-03-07 23:59:59 -> Y: 2017-03-08 00:00:00~2017-03-09 23:59:59,"[0.46666666666666667, 0.29180344953363557, 2.3333576502874611]","[0.56666666666666665, 0.35466541490637876, 2.8360228793963733]"
X: 2017-01-08 00:00:00~2017-03-08 23:59:59 -> Y: 2017-03-09 00:00:00~2017-03-10 23:59:59,"[0.59999999999999998, 0.43770517430045336, 3.0000312646553069]","[0.5714285714285714, 0.4168620707623365, 2.8571726330050544]"
X: 2017-01-09 00:00:00~2017-03-09 23:59:59 -> Y: 2017-03-10 00:00:00~2017-03-11 23:59:59,"[0.73529411764705888, 0.52107758845292063, 3.6765089027638571]","[0.58823529411764708, 0.4168620707623365, 2.9412071222110856]"
X: 2017-01-10 00:00:00~2017-03-10 23:59:59 -> Y: 2017-03-11 00:00:00~2017-03-12 23:59:59,"[0.6428571428571429, 0.3751758636861029, 3.2143192121306865]","[0.4642857142857143, 0.27098858721142322, 2.3216947209338685]"
X: 2017-01-11 00:00:00~2017-03-11 23:59:59 -> Y: 2017-03-12 00:00:00~2017-03-13 23:59:59,"[0.69999999999999996, 0.43770517430045336, 3.5000364754311915]","[0.6333333333333333, 0.3960189672242197, 3.1666996682472686]"
X: 2017-01-12 00:00:00~2017-03-12 23:59:59 -> Y: 2017-03-13 00:00:00~2017-03-14 23:59:59,"[0.81481481481481477, 0.45854827783857016, 4.074116532247948]","[0.7407407407407407, 0.41777638518982718, 3.7118658164143565]"
X: 2017-01-13 00:00:00~2017-03-13 23:59:59 -> Y: 2017-03-14 00:00:00~2017-03-15 23:59:59,"[0.73684210526315785, 0.29180344953363557, 3.6842489215065175]","[0.84210526315789469, 0.33348965660986923, 4.2105701960074482]"
X: 2017-01-14 00:00:00~2017-03-14 23:59:59 -> Y: 2017-03-15 00:00:00~2017-03-16 23:59:59,"[0.6875, 0.45854827783857016, 3.4375358240842062]","[0.71875, 0.47939138137668702, 3.5937874524516702]"
X: 2017-01-15 00:00:00~2017-03-15 23:59:59 -> Y: 2017-03-16 00:00:00~2017-03-17 23:59:59,"[0.61363636363636365, 0.56276379552915434, 3.0682137933974731]","[0.65909090909090906, 0.60445000260538795, 3.2954888892046932]"
X: 2017-01-16 00:00:00~2017-03-16 23:59:59 -> Y: 2017-03-17 00:00:00~2017-03-18 23:59:59,"[0.65714285714285714, 0.47939138137668702, 3.2857485279558127]","[0.68571428571428572, 0.50026055237102662, 3.4287858259510164]"
X: 2017-01-17 00:00:00~2017-03-17 23:59:59 -> Y: 2017-03-18 00:00:00~2017-03-19 23:59:59,"[0.72222222222222221, 0.27096034599551871, 3.6111487444924992]","[0.66666666666666663, 0.25011724245740191, 3.3333680718392298]"
X: 2017-01-18 00:00:00~2017-03-18 23:59:59 -> Y: 2017-03-19 00:00:00~2017-03-20 23:59:59,"[0.55000000000000004, 0.22927413891928508, 2.7500286592673651]","[0.55000000000000004, 0.22929803533274273, 2.7503152847985826]"
X: 2017-01-19 00:00:00~2017-03-19 23:59:59 -> Y: 2017-03-20 00:00:00~2017-03-21 23:59:59,"[0.55882352941176472, 0.3960189672242197, 2.794146766100531]","[0.55882352941176472, 0.3960189672242197, 2.794146766100531]"
X: 2017-01-20 00:00:00~2017-03-20 23:59:59 -> Y: 2017-03-21 00:00:00~2017-03-22 23:59:59,"[0.3888888888888889, 0.29180344953363557, 1.9444647085728843]","[0.41666666666666669, 0.31271173190180851, 2.0837893712756901]"
X: 2017-01-21 00:00:00~2017-03-21 23:59:59 -> Y: 2017-03-22 00:00:00~2017-03-23 23:59:59,"[0.52380952380952384, 0.45854827783857016, 2.6190749135879665]","[0.47619047619047616, 0.41697070780777651, 2.3815976927620834]"
X: 2017-01-22 00:00:00~2017-03-22 23:59:59 -> Y: 2017-03-23 00:00:00~2017-03-24 23:59:59,"[0.66000000000000003, 0.68782241675785527, 3.3000343911208381]","[0.52000000000000002, 0.5419489317352788, 2.6001625846795209]"
X: 2017-01-23 00:00:00~2017-03-23 23:59:59 -> Y: 2017-03-24 00:00:00~2017-03-25 23:59:59,"[0.61111111111111116, 0.45854827783857016, 3.0555873991859612]","[0.58333333333333337, 0.4415707301687431, 2.942455623893883]"
X: 2017-01-24 00:00:00~2017-03-24 23:59:59 -> Y: 2017-03-25 00:00:00~2017-03-26 23:59:59,"[0.56521739130434778, 0.27096034599551871, 2.82611640873326]","[0.60869565217391308, 0.29334730225248823, 3.0596123624934521]"
X: 2017-01-25 00:00:00~2017-03-25 23:59:59 -> Y: 2017-03-26 00:00:00~2017-03-27 23:59:59,"[0.5357142857142857, 0.31264655307175238, 2.6785993434422384]","[0.5357142857142857, 0.313446870755407, 2.685456065196949]"
X: 2017-01-26 00:00:00~2017-03-26 23:59:59 -> Y: 2017-03-27 00:00:00~2017-03-28 23:59:59,"[0.54054054054054057, 0.4168620707623365, 2.7027308690588354]","[0.54054054054054057, 0.4168620707623365, 2.7027308690588354]"
X: 2017-01-27 00:00:00~2017-03-27 23:59:59 -> Y: 2017-03-28 00:00:00~2017-03-29 23:59:59,"[0.55813953488372092, 0.50023448491480382, 2.7907267578188901]","[0.44186046511627908, 0.3960189672242197, 2.209325349939955]"
X: 2017-01-28 00:00:00~2017-03-28 23:59:59 -> Y: 2017-03-29 00:00:00~2017-03-30 23:59:59,"[0.51282051282051277, 0.4168620707623365, 2.5641292860301768]","[0.4358974358974359, 0.35436969096878423, 2.1797370555513242]"
X: 2017-01-29 00:00:00~2017-03-29 23:59:59 -> Y: 2017-03-30 00:00:00~2017-03-31 23:59:59,"[0.42857142857142855, 0.31264655307175238, 2.1428794747537907]","[0.42857142857142855, 0.31266284523189164, 2.1429911412193849]"
X: 2017-01-30 00:00:00~2017-03-30 23:59:59 -> Y: 2017-03-31 00:00:00~2017-04-01 23:59:59,"[0.54761904761904767, 0.47939138137668702, 2.7381237732965107]","[0.52380952380952384, 0.45857217300677444, 2.6192113948236933]"
X: 2017-01-31 00:00:00~2017-03-31 23:59:59 -> Y: 2017-04-01 00:00:00~2017-04-02 23:59:59,"[0.61111111111111116, 0.45854827783857016, 3.0555873991859612]","[0.58333333333333337, 0.4377279833246483, 2.9168490533263856]"
X: 2017-02-01 00:00:00~2017-04-01 23:59:59 -> Y: 2017-04-02 00:00:00~2017-04-03 23:59:59,"[0.55000000000000004, 0.45854827783857016, 2.7500286592673651]","[0.625, 0.52107758845292063, 3.1250325673492783]"
X: 2017-02-02 00:00:00~2017-04-02 23:59:59 -> Y: 2017-04-03 00:00:00~2017-04-04 23:59:59,"[0.52500000000000002, 0.43770517430045336, 2.6250273565733937]","[0.59999999999999998, 0.50023448491480382, 3.0000312646553069]"
X: 2017-02-03 00:00:00~2017-04-03 23:59:59 -> Y: 2017-04-04 00:00:00~2017-04-05 23:59:59,"[0.57894736842105265, 0.45854827783857016, 2.894767009755121]","[0.57894736842105265, 0.45854827783857016, 2.894767009755121]"
X: 2017-02-04 00:00:00~2017-04-04 23:59:59 -> Y: 2017-04-05 00:00:00~2017-04-06 23:59:59,"[0.51351351351351349, 0.3960189672242197, 2.5675943256058935]","[0.59459459459459463, 0.45854827783857016, 2.9730039559647188]"
X: 2017-02-05 00:00:00~2017-04-05 23:59:59 -> Y: 2017-04-06 00:00:00~2017-04-07 23:59:59,"[0.60526315789473684, 0.47939138137668702, 3.0263473283803535]","[0.57894736842105265, 0.4588351843161792, 2.8965782201475845]"
X: 2017-02-06 00:00:00~2017-04-06 23:59:59 -> Y: 2017-04-07 00:00:00~2017-04-08 23:59:59,"[0.69047619047619047, 0.60445000260538795, 3.452416931547774]","[0.61904761904761907, 0.54192069199103743, 3.0952703524221423]"
X: 2017-02-07 00:00:00~2017-04-07 23:59:59 -> Y: 2017-04-08 00:00:00~2017-04-09 23:59:59,"[0.6071428571428571, 0.35433276014798604, 3.03574592256787]","[0.5357142857142857, 0.31266284523189164, 2.6787389265242316]"
X: 2017-02-08 00:00:00~2017-04-08 23:59:59 -> Y: 2017-04-09 00:00:00~2017-04-10 23:59:59,"[0.59999999999999998, 0.43770517430045336, 3.0000312646553069]","[0.65714285714285714, 0.47944134660482574, 3.286090989629475]"
X: 2017-02-09 00:00:00~2017-04-09 23:59:59 -> Y: 2017-04-10 00:00:00~2017-04-11 23:59:59,"[0.59999999999999998, 0.62529310614350475, 3.0000312646553069]","[0.64000000000000001, 0.66697931321973847, 3.2000333489656612]"
X: 2017-02-10 00:00:00~2017-04-10 23:59:59 -> Y: 2017-04-11 00:00:00~2017-04-12 23:59:59,"[0.56000000000000005, 0.58360689906727115, 2.8000291803449535]","[0.57999999999999996, 0.60445000260538795, 2.90003022250013]"
X: 2017-02-11 00:00:00~2017-04-11 23:59:59 -> Y: 2017-04-12 00:00:00~2017-04-13 23:59:59,"[0.57499999999999996, 0.47939138137668702, 2.875029961961336]","[0.57499999999999996, 0.47939138137668702, 2.875029961961336]"
X: 2017-02-12 00:00:00~2017-04-12 23:59:59 -> Y: 2017-04-13 00:00:00~2017-04-14 23:59:59,"[0.65789473684210531, 0.52107758845292063, 3.2895079656308193]","[0.71052631578947367, 0.56279312141740501, 3.5528537341268756]"
X: 2017-02-13 00:00:00~2017-04-13 23:59:59 -> Y: 2017-04-14 00:00:00~2017-04-15 23:59:59,"[0.63829787234042556, 0.62529310614350475, 3.1915226219737312]","[0.65957446808510634, 0.64613620968162155, 3.2979067093728549]"
X: 2017-02-14 00:00:00~2017-04-14 23:59:59 -> Y: 2017-04-15 00:00:00~2017-04-16 23:59:59,"[0.63157894736842102, 0.50023448491480382, 3.1579276470055864]","[0.68421052631578949, 0.54251434533124676, 3.4248359553029681]"
X: 2017-02-15 00:00:00~2017-04-15 23:59:59 -> Y: 2017-04-16 00:00:00~2017-04-17 23:59:59,"[0.7142857142857143, 0.52107758845292063, 3.5714657912563181]","[0.68571428571428572, 0.50023448491480382, 3.4286071596060652]"
X: 2017-02-16 00:00:00~2017-04-16 23:59:59 -> Y: 2017-04-17 00:00:00~2017-04-18 23:59:59,"[0.61111111111111116, 0.45854827783857016, 3.0555873991859612]","[0.61111111111111116, 0.45859607066548547, 3.0559058719984251]"
X: 2017-02-17 00:00:00~2017-04-17 23:59:59 -> Y: 2017-04-18 00:00:00~2017-04-19 23:59:59,"[0.46666666666666667, 0.29180344953363557, 2.3333576502874611]","[0.5, 0.31276063386155128, 2.5009382819015848]"
X: 2017-02-18 00:00:00~2017-04-18 23:59:59 -> Y: 2017-04-19 00:00:00~2017-04-20 23:59:59,"[0.62222222222222223, 0.58360689906727115, 3.1111435337166147]","[0.51111111111111107, 0.47964131171471769, 2.5569145392720802]"
X: 2017-02-19 00:00:00~2017-04-19 23:59:59 -> Y: 2017-04-20 00:00:00~2017-04-21 23:59:59,"[0.63461538461538458, 0.68782241675785527, 3.173109991462344]","[0.67307692307692313, 0.72950862383408888, 3.3654196879146077]"
X: 2017-02-20 00:00:00~2017-04-20 23:59:59 -> Y: 2017-04-21 00:00:00~2017-04-22 23:59:59,"[0.70833333333333337, 0.70866552029597207, 3.5417035763291822]","[0.79166666666666663, 0.79232693911592988, 3.9598189463441757]"
X: 2017-02-21 00:00:00~2017-04-21 23:59:59 -> Y: 2017-04-22 00:00:00~2017-04-23 23:59:59,"[0.64102564102564108, 0.52107758845292063, 3.2051616075377214]","[0.64102564102564108, 0.52107758845292063, 3.2051616075377214]"
X: 2017-02-22 00:00:00~2017-04-22 23:59:59 -> Y: 2017-04-23 00:00:00~2017-04-24 23:59:59,"[0.45945945945945948, 0.35433276014798604, 2.2973212387000101]","[0.40540540540540543, 0.31264655307175238, 2.0270481517941263]"
X: 2017-02-23 00:00:00~2017-04-23 23:59:59 -> Y: 2017-04-24 00:00:00~2017-04-25 23:59:59,"[0.41379310344827586, 0.50023448491480382, 2.0689870790726257]","[0.39655172413793105, 0.47939138137668702, 1.9827792841112664]"
X: 2017-02-24 00:00:00~2017-04-24 23:59:59 -> Y: 2017-04-25 00:00:00~2017-04-26 23:59:59,"[0.42622950819672129, 0.54192069199103743, 2.1311697508480321]","[0.49180327868852458, 0.62627211523406923, 2.4628920938278829]"
X: 2017-02-25 00:00:00~2017-04-25 23:59:59 -> Y: 2017-04-26 00:00:00~2017-04-27 23:59:59,"[0.5, 0.43770517430045336, 2.5000260538794228]","[0.54761904761904767, 0.47939138137668702, 2.7381237732965107]"
X: 2017-02-26 00:00:00~2017-04-26 23:59:59 -> Y: 2017-04-27 00:00:00~2017-04-28 23:59:59,"[0.55319148936170215, 0.54192069199103743, 2.7659862723772335]","[0.5957446808510638, 0.58375899093088712, 2.9795307305193726]"
X: 2017-02-27 00:00:00~2017-04-27 23:59:59 -> Y: 2017-04-28 00:00:00~2017-04-29 23:59:59,"[0.62745098039215685, 0.66697931321973847, 3.1372875970251579]","[0.66666666666666663, 0.70866552029597207, 3.3333680718392298]"
X: 2017-02-28 00:00:00~2017-04-28 23:59:59 -> Y: 2017-04-29 00:00:00~2017-04-30 23:59:59,"[0.66666666666666663, 0.58360689906727115, 3.3333680718392298]","[0.61904761904761907, 0.54192069199103743, 3.0952703524221423]"
X: 2017-03-01 00:00:00~2017-04-29 23:59:59 -> Y: 2017-04-30 00:00:00~2017-05-01 23:59:59,"[0.68292682926829273, 0.58360689906727115, 3.414669732127992]","[0.65853658536585369, 0.56279312141740501, 3.2928888267517382]"
X: 2017-03-02 00:00:00~2017-04-30 23:59:59 -> Y: 2017-05-01 00:00:00~2017-05-02 23:59:59,"[0.71111111111111114, 0.66697931321973847, 3.5555926099618458]","[0.68888888888888888, 0.64613620968162155, 3.444480340900538]"
X: 2017-03-03 00:00:00~2017-05-01 23:59:59 -> Y: 2017-05-02 00:00:00~2017-05-03 23:59:59,"[0.72727272727272729, 0.66697931321973847, 3.6364015329155239]","[0.68181818181818177, 0.62529310614350475, 3.4091264371083034]"
X: 2017-03-04 00:00:00~2017-05-02 23:59:59 -> Y: 2017-05-03 00:00:00~2017-05-04 23:59:59,"[0.65116279069767447, 0.58360689906727115, 3.2558478841220388]","[0.65116279069767447, 0.58366772630152697, 3.2561872293598442]"
X: 2017-03-05 00:00:00~2017-05-03 23:59:59 -> Y: 2017-05-04 00:00:00~2017-05-05 23:59:59,"[0.60416666666666663, 0.60445000260538795, 3.0208648151043023]","[0.625, 0.62545606171166479, 3.1258469717502346]"
X: 2017-03-06 00:00:00~2017-05-04 23:59:59 -> Y: 2017-05-05 00:00:00~2017-05-06 23:59:59,"[0.59523809523809523, 0.52107758845292063, 2.9762214927135981]","[0.59523809523809523, 0.52107758845292063, 2.9762214927135981]"
X: 2017-03-07 00:00:00~2017-05-05 23:59:59 -> Y: 2017-05-06 00:00:00~2017-05-07 23:59:59,"[0.7142857142857143, 0.52107758845292063, 3.5714657912563181]","[0.74285714285714288, 0.5425992591433193, 3.7189753221683102]"
X: 2017-03-08 00:00:00~2017-05-06 23:59:59 -> Y: 2017-05-07 00:00:00~2017-05-08 23:59:59,"[0.63043478260869568, 0.60445000260538795, 3.1522067635870981]","[0.65217391304347827, 0.62529310614350475, 3.2609035485383773]"
X: 2017-03-09 00:00:00~2017-05-07 23:59:59 -> Y: 2017-05-08 00:00:00~2017-05-09 23:59:59,"[0.625, 0.62529310614350475, 3.1250325673492783]","[0.60416666666666663, 0.60454450698353135, 3.0213371204224861]"
X: 2017-03-10 00:00:00~2017-05-08 23:59:59 -> Y: 2017-05-09 00:00:00~2017-05-10 23:59:59,"[0.6097560975609756, 0.52107758845292063, 3.0488122608285639]","[0.63414634146341464, 0.54192069199103743, 3.1707647512617068]"
X: 2017-03-11 00:00:00~2017-05-09 23:59:59 -> Y: 2017-05-10 00:00:00~2017-05-11 23:59:59,"[0.52631578947368418, 0.4168620707623365, 2.6316063725046552]","[0.60526315789473684, 0.47941636268890053, 3.0265050327747458]"
X: 2017-03-12 00:00:00~2017-05-10 23:59:59 -> Y: 2017-05-11 00:00:00~2017-05-12 23:59:59,"[0.65454545454545454, 0.75035172737220579, 3.2727613796239714]","[0.59999999999999998, 0.68782241675785527, 3.0000312646553069]"
X: 2017-03-13 00:00:00~2017-05-11 23:59:59 -> Y: 2017-05-12 00:00:00~2017-05-13 23:59:59,"[0.56666666666666665, 0.70866552029597207, 2.8333628610633457]","[0.58333333333333337, 0.72950862383408888, 2.9166970628593267]"
X: 2017-03-14 00:00:00~2017-05-12 23:59:59 -> Y: 2017-05-13 00:00:00~2017-05-14 23:59:59,"[0.6097560975609756, 0.52107758845292063, 3.0488122608285639]","[0.70731707317073167, 0.60445000260538795, 3.5366222225611343]"
X: 2017-03-15 00:00:00~2017-05-13 23:59:59 -> Y: 2017-05-14 00:00:00~2017-05-15 23:59:59,"[0.5714285714285714, 0.66697931321973847, 2.8571726330050544]","[0.5892857142857143, 0.68782241675785527, 2.9464592777864627]"
X: 2017-03-16 00:00:00~2017-05-14 23:59:59 -> Y: 2017-05-15 00:00:00~2017-05-16 23:59:59,"[0.52307692307692311, 0.70866552029597207, 2.6154118717507808]","[0.53846153846153844, 0.73004119518172816, 2.6943012663406884]"
X: 2017-03-17 00:00:00~2017-05-15 23:59:59 -> Y: 2017-05-16 00:00:00~2017-05-17 23:59:59,"[0.60317460317460314, 0.7920379344484394, 3.0159044459497797]","[0.5714285714285714, 0.75039082855653993, 2.8573215216258467]"
X: 2017-03-18 00:00:00~2017-05-16 23:59:59 -> Y: 2017-05-17 00:00:00~2017-05-18 23:59:59,"[0.50877192982456143, 0.60445000260538795, 2.5438861600878337]","[0.50877192982456143, 0.60445000260538795, 2.5438861600878337]"
X: 2017-03-19 00:00:00~2017-05-17 23:59:59 -> Y: 2017-05-18 00:00:00~2017-05-19 23:59:59,"[0.55555555555555558, 0.52107758845292063, 2.7778067265326918]","[0.57777777777777772, 0.54192069199103743, 2.8889189955939991]"
X: 2017-03-20 00:00:00~2017-05-18 23:59:59 -> Y: 2017-05-19 00:00:00~2017-05-20 23:59:59,"[0.76595744680851063, 0.75035172737220579, 3.8298271463684772]","[0.68085106382978722, 0.6670835939128622, 3.4048230498671601]"
X: 2017-03-21 00:00:00~2017-05-19 23:59:59 -> Y: 2017-05-20 00:00:00~2017-05-21 23:59:59,"[0.73809523809523814, 0.64613620968162155, 3.6905146509648623]","[0.7142857142857143, 0.62529310614350475, 3.5714657912563181]"
X: 2017-03-22 00:00:00~2017-05-20 23:59:59 -> Y: 2017-05-21 00:00:00~2017-05-22 23:59:59,"[0.68888888888888888, 0.64613620968162155, 3.444480340900538]","[0.71111111111111114, 0.66697931321973847, 3.5555926099618458]"
X: 2017-03-23 00:00:00~2017-05-21 23:59:59 -> Y: 2017-05-22 00:00:00~2017-05-23 23:59:59,"[0.66000000000000003, 0.68782241675785527, 3.3000343911208381]","[0.68000000000000005, 0.70866552029597207, 3.400035433276015]"
X: 2017-03-24 00:00:00~2017-05-22 23:59:59 -> Y: 2017-05-23 00:00:00~2017-05-24 23:59:59,"[0.58333333333333337, 0.58360689906727115, 2.9166970628593267]","[0.625, 0.62545606171166479, 3.1258469717502346]"
X: 2017-03-25 00:00:00~2017-05-23 23:59:59 -> Y: 2017-05-24 00:00:00~2017-05-25 23:59:59,"[0.59999999999999998, 0.68782241675785527, 3.0000312646553069]","[0.59999999999999998, 0.68782241675785527, 3.0000312646553069]"
X: 2017-03-26 00:00:00~2017-05-24 23:59:59 -> Y: 2017-05-25 00:00:00~2017-05-26 23:59:59,"[0.59649122807017541, 0.70866552029597207, 2.9824872221719425]","[0.59649122807017541, 0.70866552029597207, 2.9824872221719425]"
X: 2017-03-27 00:00:00~2017-05-25 23:59:59 -> Y: 2017-05-26 00:00:00~2017-05-27 23:59:59,"[0.54166666666666663, 0.54192069199103743, 2.7083615583693743]","[0.52083333333333337, 0.52107758845292063, 2.6041938061243988]"
X: 2017-03-28 00:00:00~2017-05-26 23:59:59 -> Y: 2017-05-27 00:00:00~2017-05-28 23:59:59,"[0.41379310344827586, 0.25011724245740191, 2.0689870790726257]","[0.37931034482758619, 0.22927413891928508, 1.8965714891499068]"
X: 2017-03-29 00:00:00~2017-05-27 23:59:59 -> Y: 2017-05-28 00:00:00~2017-05-29 23:59:59,"[0.52380952380952384, 0.22927413891928508, 2.6190749135879665]","[0.47619047619047616, 0.20845275939340249, 2.3812253548039672]"
X: 2017-03-30 00:00:00~2017-05-28 23:59:59 -> Y: 2017-05-29 00:00:00~2017-05-30 23:59:59,"[0.6071428571428571, 0.35433276014798604, 3.03574592256787]","[0.5357142857142857, 0.31264655307175238, 2.6785993434422384]"
X: 2017-03-31 00:00:00~2017-05-29 23:59:59 -> Y: 2017-05-30 00:00:00~2017-05-31 23:59:59,"[0.59999999999999998, 0.56276379552915434, 3.0000312646553069]","[0.62222222222222223, 0.58360689906727115, 3.1111435337166147]"
X: 2017-04-01 00:00:00~2017-05-30 23:59:59 -> Y: 2017-05-31 00:00:00~2017-06-01 23:59:59,"[0.5625, 0.56276379552915434, 2.8125293106143503]","[0.58333333333333337, 0.58360689906727115, 2.9166970628593267]"
X: 2017-04-02 00:00:00~2017-05-31 23:59:59 -> Y: 2017-06-01 00:00:00~2017-06-02 23:59:59,"[0.5, 0.45854827783857016, 2.5000260538794228]","[0.56818181818181823, 0.52110474205315271, 2.8410867402529729]"
X: 2017-04-03 00:00:00~2017-06-01 23:59:59 -> Y: 2017-06-02 00:00:00~2017-06-03 23:59:59,"[0.625, 0.52107758845292063, 3.1250325673492783]","[0.65000000000000002, 0.54192069199103743, 3.2500338700432496]"
X: 2017-04-04 00:00:00~2017-06-02 23:59:59 -> Y: 2017-06-03 00:00:00~2017-06-04 23:59:59,"[0.62068965517241381, 0.3751758636861029, 3.1034806186089385]","[0.58620689655172409, 0.35433276014798604, 2.9310650286862194]"
X: 2017-04-05 00:00:00~2017-06-03 23:59:59 -> Y: 2017-06-04 00:00:00~2017-06-05 23:59:59,"[0.6470588235294118, 0.45854827783857016, 3.2353278344321943]","[0.61764705882352944, 0.43770517430045336, 3.0882674783216397]"
X: 2017-04-06 00:00:00~2017-06-04 23:59:59 -> Y: 2017-06-05 00:00:00~2017-06-06 23:59:59,"[0.66666666666666663, 0.70866552029597207, 3.3333680718392298]","[0.66666666666666663, 0.70885020327322013, 3.3342367698669166]"
X: 2017-04-07 00:00:00~2017-06-05 23:59:59 -> Y: 2017-06-06 00:00:00~2017-06-07 23:59:59,"[0.61818181818181817, 0.70866552029597207, 3.0909413029781954]","[0.58181818181818179, 0.66701406982803546, 2.909272822019044]"
X: 2017-04-08 00:00:00~2017-06-06 23:59:59 -> Y: 2017-06-07 00:00:00~2017-06-08 23:59:59,"[0.60416666666666663, 0.60445000260538795, 3.0208648151043023]","[0.60416666666666663, 0.60445000260538795, 3.0208648151043023]"
X: 2017-04-09 00:00:00~2017-06-07 23:59:59 -> Y: 2017-06-08 00:00:00~2017-06-09 23:59:59,"[0.55319148936170215, 0.54192069199103743, 2.7659862723772335]","[0.53191489361702127, 0.52107758845292063, 2.6596021849781093]"
X: 2017-04-10 00:00:00~2017-06-08 23:59:59 -> Y: 2017-06-09 00:00:00~2017-06-10 23:59:59,"[0.5714285714285714, 0.4168620707623365, 2.8571726330050544]","[0.54285714285714282, 0.3960189672242197, 2.7143140013548015]"
X: 2017-04-11 00:00:00~2017-06-09 23:59:59 -> Y: 2017-06-10 00:00:00~2017-06-11 23:59:59,"[0.5714285714285714, 0.33348965660986923, 2.8571726330050544]","[0.5714285714285714, 0.33352441502944397, 2.857470425764761]"
X: 2017-04-12 00:00:00~2017-06-10 23:59:59 -> Y: 2017-06-11 00:00:00~2017-06-12 23:59:59,"[0.5641025641025641, 0.45854827783857016, 2.8205422146331949]","[0.53846153846153844, 0.43770517430045336, 2.6923357503316856]"
X: 2017-04-13 00:00:00~2017-06-11 23:59:59 -> Y: 2017-06-12 00:00:00~2017-06-13 23:59:59,"[0.55882352941176472, 0.3960189672242197, 2.794146766100531]","[0.5, 0.35433276014798604, 2.5000260538794228]"
X: 2017-04-14 00:00:00~2017-06-12 23:59:59 -> Y: 2017-06-13 00:00:00~2017-06-14 23:59:59,"[0.56666666666666665, 0.35433276014798604, 2.8333628610633457]","[0.56666666666666665, 0.35433276014798604, 2.8333628610633457]"
X: 2017-04-15 00:00:00~2017-06-13 23:59:59 -> Y: 2017-06-14 00:00:00~2017-06-15 23:59:59,"[0.6216216216216216, 0.47939138137668702, 3.1081404994176602]","[0.51351351351351349, 0.3960189672242197, 2.5675943256058935]"
X: 2017-04-16 00:00:00~2017-06-14 23:59:59 -> Y: 2017-06-15 00:00:00~2017-06-16 23:59:59,"[0.59999999999999998, 0.43770517430045336, 3.0000312646553069]","[0.51428571428571423, 0.3751758636861029, 2.5714553697045486]"
X: 2017-04-17 00:00:00~2017-06-15 23:59:59 -> Y: 2017-06-16 00:00:00~2017-06-17 23:59:59,"[0.62222222222222223, 0.58360689906727115, 3.1111435337166147]","[0.55555555555555558, 0.52107758845292063, 2.7778067265326918]"
X: 2017-04-18 00:00:00~2017-06-16 23:59:59 -> Y: 2017-06-17 00:00:00~2017-06-18 23:59:59,"[0.62962962962962965, 0.70866552029597207, 3.1481809567370509]","[0.57407407407407407, 0.64613620968162155, 2.8704002840837815]"
X: 2017-04-19 00:00:00~2017-06-17 23:59:59 -> Y: 2017-06-18 00:00:00~2017-06-19 23:59:59,"[0.66000000000000003, 0.68782241675785527, 3.3000343911208381]","[0.62, 0.64613620968162155, 3.1000323068104838]"
X: 2017-04-20 00:00:00~2017-06-18 23:59:59 -> Y: 2017-06-19 00:00:00~2017-06-20 23:59:59,"[0.68181818181818177, 0.62529310614350475, 3.4091264371083034]","[0.65909090909090906, 0.60445000260538795, 3.2954888892046932]"
X: 2017-04-21 00:00:00~2017-06-19 23:59:59 -> Y: 2017-06-20 00:00:00~2017-06-21 23:59:59,"[0.6470588235294118, 0.68782241675785527, 3.2353278344321943]","[0.66666666666666663, 0.70877631853241607, 3.3338892363282606]"
X: 2017-04-22 00:00:00~2017-06-20 23:59:59 -> Y: 2017-06-21 00:00:00~2017-06-22 23:59:59,"[0.62222222222222223, 0.58360689906727115, 3.1111435337166147]","[0.62222222222222223, 0.58360689906727115, 3.1111435337166147]"
X: 2017-04-23 00:00:00~2017-06-21 23:59:59 -> Y: 2017-06-22 00:00:00~2017-06-23 23:59:59,"[0.54054054054054057, 0.4168620707623365, 2.7027308690588354]","[0.56756756756756754, 0.43770517430045336, 2.8378674125117769]"
X: 2017-04-24 00:00:00~2017-06-22 23:59:59 -> Y: 2017-06-23 00:00:00~2017-06-24 23:59:59,"[0.64444444444444449, 0.60445000260538795, 3.2222558027779229]","[0.59999999999999998, 0.56276379552915434, 3.0000312646553069]"
X: 2017-04-25 00:00:00~2017-06-23 23:59:59 -> Y: 2017-06-24 00:00:00~2017-06-25 23:59:59,"[0.58823529411764708, 0.4168620707623365, 2.9412071222110856]","[0.58823529411764708, 0.4168620707623365, 2.9412071222110856]"
X: 2017-04-26 00:00:00~2017-06-24 23:59:59 -> Y: 2017-06-25 00:00:00~2017-06-26 23:59:59,"[0.42105263157894735, 0.33348965660986923, 2.1052850980037241]","[0.47368421052631576, 0.3751758636861029, 2.3684457352541899]"
X: 2017-04-27 00:00:00~2017-06-25 23:59:59 -> Y: 2017-06-26 00:00:00~2017-06-27 23:59:59,"[0.55555555555555558, 0.62529310614350475, 2.7778067265326918]","[0.57407407407407407, 0.64613620968162155, 2.8704002840837815]"
X: 2017-04-28 00:00:00~2017-06-26 23:59:59 -> Y: 2017-06-27 00:00:00~2017-06-28 23:59:59,"[0.58823529411764708, 0.62529310614350475, 2.9412071222110856]","[0.62745098039215685, 0.66697931321973847, 3.1372875970251579]"
